INSERT INTO `ts_func` VALUES (13000, '任务积分设置管理', '1', '/module/fav/taskPointsConfig_init.do', 1, '3', 1, '2015-11-06 15:58:13', 0, '0000-0-0 00:00:00', NULL);
INSERT INTO `ts_func` VALUES (13001, '任务积分设置查询', '1', '/module/fav/taskPointsConfig_query.do', 13000, '3', 1, '2015-11-06 15:58:13', 0, '0000-0-0 00:00:00', NULL);
INSERT INTO `ts_func` VALUES (13002, '任务积分设置查看', '1', '/module/fav/taskPointsConfig_view.do', 13000, '1', 1, '2015-11-06 15:58:13', 0, '0000-0-0 00:00:00', NULL);
INSERT INTO `ts_func` VALUES (13003, '任务积分设置添加', '1', '/module/fav/taskPointsConfig_add.do', 13000, '2', 1, '2015-11-06 15:58:13', 0, '0000-0-0 00:00:00', NULL);
INSERT INTO `ts_func` VALUES (13004, '任务积分设置保存', '1', '/module/fav/taskPointsConfig_save.do', 13003, '3', 1, '2015-11-06 15:58:13', 0, '0000-0-0 00:00:00', NULL);
INSERT INTO `ts_func` VALUES (13005, '任务积分设置编辑', '1', '/module/fav/taskPointsConfig_edit.do', 13000, '2', 1, '2015-11-06 15:58:13', 0, '0000-0-0 00:00:00', NULL);
INSERT INTO `ts_func` VALUES (13006, '任务积分设置修改', '1', '/module/fav/taskPointsConfig_update.do', 13005, '3', 1, '2015-11-06 15:58:13', 0, '0000-0-0 00:00:00', NULL);
INSERT INTO `ts_func` VALUES (13007, '任务积分设置删除', '1', '/module/fav/taskPointsConfig_delete.do', 13000, '1', 1, '2015-11-06 15:58:13', 0, '0000-0-0 00:00:00', NULL);
INSERT INTO `ts_func` VALUES (13008, '申请记录管理', '1', '/module/fav/applyRecord_init.do', 1, '3', 1, '2015-11-08 18:54:42', 0, '0000-0-0 00:00:00', NULL);
INSERT INTO `ts_func` VALUES (13009, '申请记录查询', '1', '/module/fav/applyRecord_query.do', 13008, '3', 1, '2015-11-08 18:54:42', 0, '0000-0-0 00:00:00', NULL);
INSERT INTO `ts_func` VALUES (13015, '申请记录删除', '1', '/module/fav/applyRecord_delete.do', 13008, '1', 1, '2015-11-08 18:54:42', 0, '0000-0-0 00:00:00', NULL);
INSERT INTO `ts_func` VALUES (13016, '拍卖行管理', '1', '/module/fav/auction_init.do', 1, '3', 1, '2015-11-08 18:54:43', 0, '0000-0-0 00:00:00', NULL);
INSERT INTO `ts_func` VALUES (13017, '拍卖行查询', '1', '/module/fav/auction_query.do', 13016, '3', 1, '2015-11-08 18:54:43', 0, '0000-0-0 00:00:00', NULL);
INSERT INTO `ts_func` VALUES (13018, '拍卖行查看', '1', '/module/fav/auction_view.do', 13016, '1', 1, '2015-11-08 18:54:43', 0, '0000-0-0 00:00:00', NULL);
INSERT INTO `ts_func` VALUES (13019, '拍卖行添加', '1', '/module/fav/auction_add.do', 13016, '2', 1, '2015-11-08 18:54:43', 0, '0000-0-0 00:00:00', NULL);
INSERT INTO `ts_func` VALUES (13020, '拍卖行保存', '1', '/module/fav/auction_save.do', 13019, '3', 1, '2015-11-08 18:54:43', 0, '0000-0-0 00:00:00', NULL);
INSERT INTO `ts_func` VALUES (13021, '拍卖行编辑', '1', '/module/fav/auction_edit.do', 13016, '2', 1, '2015-11-08 18:54:43', 0, '0000-0-0 00:00:00', NULL);
INSERT INTO `ts_func` VALUES (13022, '拍卖行修改', '1', '/module/fav/auction_update.do', 13021, '3', 1, '2015-11-08 18:54:43', 0, '0000-0-0 00:00:00', NULL);
INSERT INTO `ts_func` VALUES (13023, '拍卖行删除', '1', '/module/fav/auction_delete.do', 13016, '1', 1, '2015-11-08 18:54:43', 0, '0000-0-0 00:00:00', NULL);
INSERT INTO `ts_func` VALUES (13024, '拍卖行藏品竞价管理', '1', '/module/fav/auctionCollectionBid_init.do', 1, '3', 1, '2015-11-08 18:54:43', 0, '0000-0-0 00:00:00', NULL);
INSERT INTO `ts_func` VALUES (13025, '拍卖行藏品竞价查询', '1', '/module/fav/auctionCollectionBid_query.do', 13024, '3', 1, '2015-11-08 18:54:43', 0, '0000-0-0 00:00:00', NULL);
INSERT INTO `ts_func` VALUES (13026, '拍卖行藏品竞价查看', '1', '/module/fav/auctionCollectionBid_view.do', 13024, '1', 1, '2015-11-08 18:54:43', 0, '0000-0-0 00:00:00', NULL);
INSERT INTO `ts_func` VALUES (13027, '拍卖行藏品竞价添加', '1', '/module/fav/auctionCollectionBid_add.do', 13024, '2', 1, '2015-11-08 18:54:43', 0, '0000-0-0 00:00:00', NULL);
INSERT INTO `ts_func` VALUES (13028, '拍卖行藏品竞价保存', '1', '/module/fav/auctionCollectionBid_save.do', 13027, '3', 1, '2015-11-08 18:54:43', 0, '0000-0-0 00:00:00', NULL);
INSERT INTO `ts_func` VALUES (13029, '拍卖行藏品竞价编辑', '1', '/module/fav/auctionCollectionBid_edit.do', 13024, '2', 1, '2015-11-08 18:54:43', 0, '0000-0-0 00:00:00', NULL);
INSERT INTO `ts_func` VALUES (13030, '拍卖行藏品竞价修改', '1', '/module/fav/auctionCollectionBid_update.do', 13029, '3', 1, '2015-11-08 18:54:43', 0, '0000-0-0 00:00:00', NULL);
INSERT INTO `ts_func` VALUES (13031, '拍卖行藏品竞价删除', '1', '/module/fav/auctionCollectionBid_delete.do', 13024, '1', 1, '2015-11-08 18:54:43', 0, '0000-0-0 00:00:00', NULL);
INSERT INTO `ts_func` VALUES (13032, '拍卖动态成交管理', '1', '/module/fav/dynamicDeal_init.do', 1, '3', 1, '2015-11-08 18:54:43', 0, '0000-0-0 00:00:00', NULL);
INSERT INTO `ts_func` VALUES (13033, '拍卖动态成交查询', '1', '/module/fav/dynamicDeal_query.do', 13032, '3', 1, '2015-11-08 18:54:43', 0, '0000-0-0 00:00:00', NULL);
INSERT INTO `ts_func` VALUES (13034, '拍卖动态成交查看', '1', '/module/fav/dynamicDeal_view.do', 13032, '1', 1, '2015-11-08 18:54:43', 0, '0000-0-0 00:00:00', NULL);
INSERT INTO `ts_func` VALUES (13035, '拍卖动态成交添加', '1', '/module/fav/dynamicDeal_add.do', 13032, '2', 1, '2015-11-08 18:54:43', 0, '0000-0-0 00:00:00', NULL);
INSERT INTO `ts_func` VALUES (13036, '拍卖动态成交保存', '1', '/module/fav/dynamicDeal_save.do', 13035, '3', 1, '2015-11-08 18:54:43', 0, '0000-0-0 00:00:00', NULL);
INSERT INTO `ts_func` VALUES (13037, '拍卖动态成交编辑', '1', '/module/fav/dynamicDeal_edit.do', 13032, '2', 1, '2015-11-08 18:54:43', 0, '0000-0-0 00:00:00', NULL);
INSERT INTO `ts_func` VALUES (13038, '拍卖动态成交修改', '1', '/module/fav/dynamicDeal_update.do', 13037, '3', 1, '2015-11-08 18:54:43', 0, '0000-0-0 00:00:00', NULL);
INSERT INTO `ts_func` VALUES (13039, '拍卖动态成交删除', '1', '/module/fav/dynamicDeal_delete.do', 13032, '1', 1, '2015-11-08 18:54:43', 0, '0000-0-0 00:00:00', NULL);
INSERT INTO `ts_func` VALUES (13040, '拍卖行动态拍品征集管理', '1', '/module/fav/auctionDynamicImages_init.do', 1, '3', 1, '2015-11-08 18:54:44', 0, '0000-0-0 00:00:00', NULL);
INSERT INTO `ts_func` VALUES (13041, '拍卖行动态拍品征集查询', '1', '/module/fav/auctionDynamicImages_query.do', 13040, '3', 1, '2015-11-08 18:54:44', 0, '0000-0-0 00:00:00', NULL);
INSERT INTO `ts_func` VALUES (13042, '拍卖行动态拍品征集查看', '1', '/module/fav/auctionDynamicImages_view.do', 13040, '1', 1, '2015-11-08 18:54:44', 0, '0000-0-0 00:00:00', NULL);
INSERT INTO `ts_func` VALUES (13043, '拍卖行动态拍品征集添加', '1', '/module/fav/auctionDynamicImages_add.do', 13040, '2', 1, '2015-11-08 18:54:44', 0, '0000-0-0 00:00:00', NULL);
INSERT INTO `ts_func` VALUES (13044, '拍卖行动态拍品征集保存', '1', '/module/fav/auctionDynamicImages_save.do', 13043, '3', 1, '2015-11-08 18:54:44', 0, '0000-0-0 00:00:00', NULL);
INSERT INTO `ts_func` VALUES (13045, '拍卖行动态拍品征集编辑', '1', '/module/fav/auctionDynamicImages_edit.do', 13040, '2', 1, '2015-11-08 18:54:44', 0, '0000-0-0 00:00:00', NULL);
INSERT INTO `ts_func` VALUES (13046, '拍卖行动态拍品征集修改', '1', '/module/fav/auctionDynamicImages_update.do', 13045, '3', 1, '2015-11-08 18:54:44', 0, '0000-0-0 00:00:00', NULL);
INSERT INTO `ts_func` VALUES (13047, '拍卖行动态拍品征集删除', '1', '/module/fav/auctionDynamicImages_delete.do', 13040, '1', 1, '2015-11-08 18:54:44', 0, '0000-0-0 00:00:00', NULL);
INSERT INTO `ts_func` VALUES (13048, '拍卖行藏品动态直播管理', '1', '/module/fav/auctionDynamicLive_init.do', 1, '3', 1, '2015-11-08 18:54:44', 0, '0000-0-0 00:00:00', NULL);
INSERT INTO `ts_func` VALUES (13049, '拍卖行藏品动态直播查询', '1', '/module/fav/auctionDynamicLive_query.do', 13048, '3', 1, '2015-11-08 18:54:44', 0, '0000-0-0 00:00:00', NULL);
INSERT INTO `ts_func` VALUES (13050, '拍卖行藏品动态直播查看', '1', '/module/fav/auctionDynamicLive_view.do', 13048, '1', 1, '2015-11-08 18:54:44', 0, '0000-0-0 00:00:00', NULL);
INSERT INTO `ts_func` VALUES (13051, '拍卖行藏品动态直播添加', '1', '/module/fav/auctionDynamicLive_add.do', 13048, '2', 1, '2015-11-08 18:54:44', 0, '0000-0-0 00:00:00', NULL);
INSERT INTO `ts_func` VALUES (13052, '拍卖行藏品动态直播保存', '1', '/module/fav/auctionDynamicLive_save.do', 13051, '3', 1, '2015-11-08 18:54:44', 0, '0000-0-0 00:00:00', NULL);
INSERT INTO `ts_func` VALUES (13053, '拍卖行藏品动态直播编辑', '1', '/module/fav/auctionDynamicLive_edit.do', 13048, '2', 1, '2015-11-08 18:54:44', 0, '0000-0-0 00:00:00', NULL);
INSERT INTO `ts_func` VALUES (13054, '拍卖行藏品动态直播修改', '1', '/module/fav/auctionDynamicLive_update.do', 13053, '3', 1, '2015-11-08 18:54:44', 0, '0000-0-0 00:00:00', NULL);
INSERT INTO `ts_func` VALUES (13055, '拍卖行藏品动态直播删除', '1', '/module/fav/auctionDynamicLive_delete.do', 13048, '1', 1, '2015-11-08 18:54:44', 0, '0000-0-0 00:00:00', NULL);
INSERT INTO `ts_func` VALUES (13056, '拍卖动态预展管理', '1', '/module/fav/auctionDynamicPreview_init.do', 1, '3', 1, '2015-11-08 18:54:44', 0, '0000-0-0 00:00:00', NULL);
INSERT INTO `ts_func` VALUES (13057, '拍卖动态预展查询', '1', '/module/fav/auctionDynamicPreview_query.do', 13056, '3', 1, '2015-11-08 18:54:44', 0, '0000-0-0 00:00:00', NULL);
INSERT INTO `ts_func` VALUES (13058, '拍卖动态预展查看', '1', '/module/fav/auctionDynamicPreview_view.do', 13056, '1', 1, '2015-11-08 18:54:44', 0, '0000-0-0 00:00:00', NULL);
INSERT INTO `ts_func` VALUES (13059, '拍卖动态预展添加', '1', '/module/fav/auctionDynamicPreview_add.do', 13056, '2', 1, '2015-11-08 18:54:44', 0, '0000-0-0 00:00:00', NULL);
INSERT INTO `ts_func` VALUES (13060, '拍卖动态预展保存', '1', '/module/fav/auctionDynamicPreview_save.do', 13059, '3', 1, '2015-11-08 18:54:44', 0, '0000-0-0 00:00:00', NULL);
INSERT INTO `ts_func` VALUES (13061, '拍卖动态预展编辑', '1', '/module/fav/auctionDynamicPreview_edit.do', 13056, '2', 1, '2015-11-08 18:54:44', 0, '0000-0-0 00:00:00', NULL);
INSERT INTO `ts_func` VALUES (13062, '拍卖动态预展修改', '1', '/module/fav/auctionDynamicPreview_update.do', 13061, '3', 1, '2015-11-08 18:54:44', 0, '0000-0-0 00:00:00', NULL);
INSERT INTO `ts_func` VALUES (13063, '拍卖动态预展删除', '1', '/module/fav/auctionDynamicPreview_delete.do', 13056, '1', 1, '2015-11-08 18:54:44', 0, '0000-0-0 00:00:00', NULL);
INSERT INTO `ts_func` VALUES (13064, '拍卖行动态管理', '1', '/module/fav/auctionDynamics_init.do', 1, '3', 1, '2015-11-08 18:54:45', 0, '0000-0-0 00:00:00', NULL);
INSERT INTO `ts_func` VALUES (13065, '拍卖行动态查询', '1', '/module/fav/auctionDynamics_query.do', 13064, '3', 1, '2015-11-08 18:54:45', 0, '0000-0-0 00:00:00', NULL);
INSERT INTO `ts_func` VALUES (13066, '拍卖行动态查看', '1', '/module/fav/auctionDynamics_view.do', 13064, '1', 1, '2015-11-08 18:54:45', 0, '0000-0-0 00:00:00', NULL);
INSERT INTO `ts_func` VALUES (13067, '拍卖行动态添加', '1', '/module/fav/auctionDynamics_add.do', 13064, '2', 1, '2015-11-08 18:54:45', 0, '0000-0-0 00:00:00', NULL);
INSERT INTO `ts_func` VALUES (13068, '拍卖行动态保存', '1', '/module/fav/auctionDynamics_save.do', 13067, '3', 1, '2015-11-08 18:54:45', 0, '0000-0-0 00:00:00', NULL);
INSERT INTO `ts_func` VALUES (13069, '拍卖行动态编辑', '1', '/module/fav/auctionDynamics_edit.do', 13064, '2', 1, '2015-11-08 18:54:45', 0, '0000-0-0 00:00:00', NULL);
INSERT INTO `ts_func` VALUES (13070, '拍卖行动态修改', '1', '/module/fav/auctionDynamics_update.do', 13069, '3', 1, '2015-11-08 18:54:45', 0, '0000-0-0 00:00:00', NULL);
INSERT INTO `ts_func` VALUES (13071, '拍卖行动态删除', '1', '/module/fav/auctionDynamics_delete.do', 13064, '1', 1, '2015-11-08 18:54:45', 0, '0000-0-0 00:00:00', NULL);
INSERT INTO `ts_func` VALUES (13072, '藏品管理', '1', '/module/fav/collection_init.do', 1, '3', 1, '2015-11-08 18:54:45', 0, '0000-0-0 00:00:00', NULL);
INSERT INTO `ts_func` VALUES (13073, '藏品查询', '1', '/module/fav/collection_query.do', 13072, '3', 1, '2015-11-08 18:54:45', 0, '0000-0-0 00:00:00', NULL);
INSERT INTO `ts_func` VALUES (13074, '藏品查看', '1', '/module/fav/collection_view.do', 13072, '1', 1, '2015-11-08 18:54:45', 0, '0000-0-0 00:00:00', NULL);
INSERT INTO `ts_func` VALUES (13075, '藏品添加', '1', '/module/fav/collection_add.do', 13072, '2', 1, '2015-11-08 18:54:45', 0, '0000-0-0 00:00:00', NULL);
INSERT INTO `ts_func` VALUES (13076, '藏品保存', '1', '/module/fav/collection_save.do', 13075, '3', 1, '2015-11-08 18:54:45', 0, '0000-0-0 00:00:00', NULL);
INSERT INTO `ts_func` VALUES (13077, '藏品编辑', '1', '/module/fav/collection_edit.do', 13072, '2', 1, '2015-11-08 18:54:45', 0, '0000-0-0 00:00:00', NULL);
INSERT INTO `ts_func` VALUES (13078, '藏品修改', '1', '/module/fav/collection_update.do', 13077, '3', 1, '2015-11-08 18:54:45', 0, '0000-0-0 00:00:00', NULL);
INSERT INTO `ts_func` VALUES (13079, '藏品删除', '1', '/module/fav/collection_delete.do', 13072, '1', 1, '2015-11-08 18:54:45', 0, '0000-0-0 00:00:00', NULL);
INSERT INTO `ts_func` VALUES (13080, '评论管理', '1', '/module/fav/collectionComments_init.do', 1, '3', 1, '2015-11-08 18:57:34', 0, '0000-0-0 00:00:00', NULL);
INSERT INTO `ts_func` VALUES (13081, '评论查询', '1', '/module/fav/collectionComments_query.do', 13080, '3', 1, '2015-11-08 18:57:34', 0, '0000-0-0 00:00:00', NULL);
INSERT INTO `ts_func` VALUES (13082, '评论查看', '1', '/module/fav/collectionComments_view.do', 13080, '1', 1, '2015-11-08 18:57:34', 0, '0000-0-0 00:00:00', NULL);
INSERT INTO `ts_func` VALUES (13083, '评论添加', '1', '/module/fav/collectionComments_add.do', 13080, '2', 1, '2015-11-08 18:57:34', 0, '0000-0-0 00:00:00', NULL);
INSERT INTO `ts_func` VALUES (13084, '评论保存', '1', '/module/fav/collectionComments_save.do', 13083, '3', 1, '2015-11-08 18:57:34', 0, '0000-0-0 00:00:00', NULL);
INSERT INTO `ts_func` VALUES (13085, '评论编辑', '1', '/module/fav/collectionComments_edit.do', 13080, '2', 1, '2015-11-08 18:57:34', 0, '0000-0-0 00:00:00', NULL);
INSERT INTO `ts_func` VALUES (13086, '评论修改', '1', '/module/fav/collectionComments_update.do', 13085, '3', 1, '2015-11-08 18:57:34', 0, '0000-0-0 00:00:00', NULL);
INSERT INTO `ts_func` VALUES (13087, '评论删除', '1', '/module/fav/collectionComments_delete.do', 13080, '1', 1, '2015-11-08 18:57:34', 0, '0000-0-0 00:00:00', NULL);
INSERT INTO `ts_func` VALUES (13088, '古玩店管理', '1', '/module/fav/curiosityShop_init.do', 1, '3', 1, '2015-11-10 20:29:49', 0, '0000-0-0 00:00:00', NULL);
INSERT INTO `ts_func` VALUES (13089, '古玩店查询', '1', '/module/fav/curiosityShop_query.do', 13088, '3', 1, '2015-11-10 20:29:49', 0, '0000-0-0 00:00:00', NULL);
INSERT INTO `ts_func` VALUES (13090, '古玩店查看', '1', '/module/fav/curiosityShop_view.do', 13088, '1', 1, '2015-11-10 20:29:49', 0, '0000-0-0 00:00:00', NULL);
INSERT INTO `ts_func` VALUES (13091, '古玩店添加', '1', '/module/fav/curiosityShop_add.do', 13088, '2', 1, '2015-11-10 20:29:49', 0, '0000-0-0 00:00:00', NULL);
INSERT INTO `ts_func` VALUES (13092, '古玩店保存', '1', '/module/fav/curiosityShop_save.do', 13091, '3', 1, '2015-11-10 20:29:49', 0, '0000-0-0 00:00:00', NULL);
INSERT INTO `ts_func` VALUES (13093, '古玩店编辑', '1', '/module/fav/curiosityShop_edit.do', 13088, '2', 1, '2015-11-10 20:29:49', 0, '0000-0-0 00:00:00', NULL);
INSERT INTO `ts_func` VALUES (13094, '古玩店修改', '1', '/module/fav/curiosityShop_update.do', 13093, '3', 1, '2015-11-10 20:29:49', 0, '0000-0-0 00:00:00', NULL);
INSERT INTO `ts_func` VALUES (13095, '古玩店删除', '1', '/module/fav/curiosityShop_delete.do', 13088, '1', 1, '2015-11-10 20:29:49', 0, '0000-0-0 00:00:00', NULL);
INSERT INTO `ts_func` VALUES (13096, '天天论战管理', '1', '/module/fav/dailyPolemic_init.do', 1, '3', 1, '2015-11-10 20:29:49', 0, '0000-0-0 00:00:00', NULL);
INSERT INTO `ts_func` VALUES (13097, '天天论战查询', '1', '/module/fav/dailyPolemic_query.do', 13096, '3', 1, '2015-11-10 20:29:49', 0, '0000-0-0 00:00:00', NULL);
INSERT INTO `ts_func` VALUES (13098, '天天论战查看', '1', '/module/fav/dailyPolemic_view.do', 13096, '1', 1, '2015-11-10 20:29:49', 0, '0000-0-0 00:00:00', NULL);
INSERT INTO `ts_func` VALUES (13099, '天天论战添加', '1', '/module/fav/dailyPolemic_add.do', 13096, '2', 1, '2015-11-10 20:29:49', 0, '0000-0-0 00:00:00', NULL);
INSERT INTO `ts_func` VALUES (13100, '天天论战保存', '1', '/module/fav/dailyPolemic_save.do', 13099, '3', 1, '2015-11-10 20:29:49', 0, '0000-0-0 00:00:00', NULL);
INSERT INTO `ts_func` VALUES (13101, '天天论战编辑', '1', '/module/fav/dailyPolemic_edit.do', 13096, '2', 1, '2015-11-10 20:29:49', 0, '0000-0-0 00:00:00', NULL);
INSERT INTO `ts_func` VALUES (13102, '天天论战修改', '1', '/module/fav/dailyPolemic_update.do', 13101, '3', 1, '2015-11-10 20:29:49', 0, '0000-0-0 00:00:00', NULL);
INSERT INTO `ts_func` VALUES (13103, '天天论战删除', '1', '/module/fav/dailyPolemic_delete.do', 13096, '1', 1, '2015-11-10 20:29:49', 0, '0000-0-0 00:00:00', NULL);
INSERT INTO `ts_func` VALUES (13104, '动态管理', '1', '/module/fav/dynamic_init.do', 1, '3', 1, '2015-11-10 20:29:49', 0, '0000-0-0 00:00:00', NULL);
INSERT INTO `ts_func` VALUES (13105, '动态查询', '1', '/module/fav/dynamic_query.do', 13104, '3', 1, '2015-11-10 20:29:49', 0, '0000-0-0 00:00:00', NULL);
INSERT INTO `ts_func` VALUES (13106, '动态查看', '1', '/module/fav/dynamic_view.do', 13104, '1', 1, '2015-11-10 20:29:49', 0, '0000-0-0 00:00:00', NULL);
INSERT INTO `ts_func` VALUES (13107, '动态添加', '1', '/module/fav/dynamic_add.do', 13104, '2', 1, '2015-11-10 20:29:49', 0, '0000-0-0 00:00:00', NULL);
INSERT INTO `ts_func` VALUES (13108, '动态保存', '1', '/module/fav/dynamic_save.do', 13107, '3', 1, '2015-11-10 20:29:49', 0, '0000-0-0 00:00:00', NULL);
INSERT INTO `ts_func` VALUES (13109, '动态编辑', '1', '/module/fav/dynamic_edit.do', 13104, '2', 1, '2015-11-10 20:29:49', 0, '0000-0-0 00:00:00', NULL);
INSERT INTO `ts_func` VALUES (13110, '动态修改', '1', '/module/fav/dynamic_update.do', 13109, '3', 1, '2015-11-10 20:29:49', 0, '0000-0-0 00:00:00', NULL);
INSERT INTO `ts_func` VALUES (13111, '动态删除', '1', '/module/fav/dynamic_delete.do', 13104, '1', 1, '2015-11-10 20:29:49', 0, '0000-0-0 00:00:00', NULL);
INSERT INTO `ts_func` VALUES (13112, '动态评论管理', '1', '/module/fav/dynamicComments_init.do', 1, '3', 0, '2015-11-10 20:29:50', 0, '0000-0-0 00:00:00', NULL);
INSERT INTO `ts_func` VALUES (13113, '动态评论查询', '1', '/module/fav/dynamicComments_query.do', 13112, '3', 0, '2015-11-10 20:29:50', 0, '0000-0-0 00:00:00', NULL);
INSERT INTO `ts_func` VALUES (13114, '动态评论查看', '1', '/module/fav/dynamicComments_view.do', 13112, '1', 0, '2015-11-10 20:29:50', 0, '0000-0-0 00:00:00', NULL);
INSERT INTO `ts_func` VALUES (13115, '动态评论添加', '1', '/module/fav/dynamicComments_add.do', 13112, '2', 0, '2015-11-10 20:29:50', 0, '0000-0-0 00:00:00', NULL);
INSERT INTO `ts_func` VALUES (13116, '动态评论保存', '1', '/module/fav/dynamicComments_save.do', 13115, '3', 0, '2015-11-10 20:29:50', 0, '0000-0-0 00:00:00', NULL);
INSERT INTO `ts_func` VALUES (13117, '动态评论编辑', '1', '/module/fav/dynamicComments_edit.do', 13112, '2', 0, '2015-11-10 20:29:50', 0, '0000-0-0 00:00:00', NULL);
INSERT INTO `ts_func` VALUES (13118, '动态评论修改', '1', '/module/fav/dynamicComments_update.do', 13117, '3', 0, '2015-11-10 20:29:50', 0, '0000-0-0 00:00:00', NULL);
INSERT INTO `ts_func` VALUES (13119, '动态评论删除', '1', '/module/fav/dynamicComments_delete.do', 13112, '1', 0, '2015-11-10 20:29:50', 0, '0000-0-0 00:00:00', NULL);
INSERT INTO `ts_func` VALUES (13120, '动态图片地址管理', '1', '/module/fav/dynamicImages_init.do', 1, '3', 1, '2015-11-15 00:00:19', 0, '0000-0-0 00:00:00', NULL);
INSERT INTO `ts_func` VALUES (13121, '动态图片地址查询', '1', '/module/fav/dynamicImages_query.do', 13120, '3', 1, '2015-11-15 00:00:19', 0, '0000-0-0 00:00:00', NULL);
INSERT INTO `ts_func` VALUES (13122, '动态图片地址查看', '1', '/module/fav/dynamicImages_view.do', 13120, '1', 1, '2015-11-15 00:00:19', 0, '0000-0-0 00:00:00', NULL);
INSERT INTO `ts_func` VALUES (13123, '动态图片地址添加', '1', '/module/fav/dynamicImages_add.do', 13120, '2', 1, '2015-11-15 00:00:19', 0, '0000-0-0 00:00:00', NULL);
INSERT INTO `ts_func` VALUES (13124, '动态图片地址保存', '1', '/module/fav/dynamicImages_save.do', 13123, '3', 1, '2015-11-15 00:00:19', 0, '0000-0-0 00:00:00', NULL);
INSERT INTO `ts_func` VALUES (13125, '动态图片地址编辑', '1', '/module/fav/dynamicImages_edit.do', 13120, '2', 1, '2015-11-15 00:00:19', 0, '0000-0-0 00:00:00', NULL);
INSERT INTO `ts_func` VALUES (13126, '动态图片地址修改', '1', '/module/fav/dynamicImages_update.do', 13125, '3', 1, '2015-11-15 00:00:19', 0, '0000-0-0 00:00:00', NULL);
INSERT INTO `ts_func` VALUES (13127, '动态图片地址删除', '1', '/module/fav/dynamicImages_delete.do', 13120, '1', 1, '2015-11-15 00:00:19', 0, '0000-0-0 00:00:00', NULL);
INSERT INTO `ts_func` VALUES (13128, '动态点赞管理', '1', '/module/fav/dynamicLike_init.do', 1, '3', 1, '2015-11-10 20:29:50', 0, '0000-0-0 00:00:00', NULL);
INSERT INTO `ts_func` VALUES (13129, '动态点赞查询', '1', '/module/fav/dynamicLike_query.do', 13128, '3', 1, '2015-11-10 20:29:50', 0, '0000-0-0 00:00:00', NULL);
INSERT INTO `ts_func` VALUES (13130, '动态点赞查看', '1', '/module/fav/dynamicLike_view.do', 13128, '1', 1, '2015-11-10 20:29:50', 0, '0000-0-0 00:00:00', NULL);
INSERT INTO `ts_func` VALUES (13131, '动态点赞添加', '1', '/module/fav/dynamicLike_add.do', 13128, '2', 1, '2015-11-10 20:29:50', 0, '0000-0-0 00:00:00', NULL);
INSERT INTO `ts_func` VALUES (13132, '动态点赞保存', '1', '/module/fav/dynamicLike_save.do', 13131, '3', 1, '2015-11-10 20:29:50', 0, '0000-0-0 00:00:00', NULL);
INSERT INTO `ts_func` VALUES (13133, '动态点赞编辑', '1', '/module/fav/dynamicLike_edit.do', 13128, '2', 1, '2015-11-10 20:29:50', 0, '0000-0-0 00:00:00', NULL);
INSERT INTO `ts_func` VALUES (13134, '动态点赞修改', '1', '/module/fav/dynamicLike_update.do', 13133, '3', 1, '2015-11-10 20:29:50', 0, '0000-0-0 00:00:00', NULL);
INSERT INTO `ts_func` VALUES (13135, '动态点赞删除', '1', '/module/fav/dynamicLike_delete.do', 13128, '1', 1, '2015-11-10 20:29:50', 0, '0000-0-0 00:00:00', NULL);
INSERT INTO `ts_func` VALUES (13136, '名人堂管理', '1', '/module/fav/famousHome_init.do', 1, '3', 1, '2015-11-10 20:29:50', 0, '0000-0-0 00:00:00', NULL);
INSERT INTO `ts_func` VALUES (13137, '名人堂查询', '1', '/module/fav/famousHome_query.do', 13136, '3', 1, '2015-11-10 20:29:50', 0, '0000-0-0 00:00:00', NULL);
INSERT INTO `ts_func` VALUES (13138, '名人堂查看', '1', '/module/fav/famousHome_view.do', 13136, '1', 1, '2015-11-10 20:29:50', 0, '0000-0-0 00:00:00', NULL);
INSERT INTO `ts_func` VALUES (13139, '名人堂添加', '1', '/module/fav/famousHome_add.do', 13136, '2', 1, '2015-11-10 20:29:50', 0, '0000-0-0 00:00:00', NULL);
INSERT INTO `ts_func` VALUES (13140, '名人堂保存', '1', '/module/fav/famousHome_save.do', 13139, '3', 1, '2015-11-10 20:29:50', 0, '0000-0-0 00:00:00', NULL);
INSERT INTO `ts_func` VALUES (13141, '名人堂编辑', '1', '/module/fav/famousHome_edit.do', 13136, '2', 1, '2015-11-10 20:29:50', 0, '0000-0-0 00:00:00', NULL);
INSERT INTO `ts_func` VALUES (13142, '名人堂修改', '1', '/module/fav/famousHome_update.do', 13141, '3', 1, '2015-11-10 20:29:50', 0, '0000-0-0 00:00:00', NULL);
INSERT INTO `ts_func` VALUES (13143, '名人堂删除', '1', '/module/fav/famousHome_delete.do', 13136, '1', 1, '2015-11-10 20:29:50', 0, '0000-0-0 00:00:00', NULL);
INSERT INTO `ts_func` VALUES (13144, '收藏夹管理', '1', '/module/fav/favorites_init.do', 1, '3', 1, '2015-11-10 20:29:51', 0, '0000-0-0 00:00:00', NULL);
INSERT INTO `ts_func` VALUES (13145, '收藏夹查询', '1', '/module/fav/favorites_query.do', 13144, '3', 1, '2015-11-10 20:29:51', 0, '0000-0-0 00:00:00', NULL);
INSERT INTO `ts_func` VALUES (13146, '收藏夹查看', '1', '/module/fav/favorites_view.do', 13144, '1', 1, '2015-11-10 20:29:51', 0, '0000-0-0 00:00:00', NULL);
INSERT INTO `ts_func` VALUES (13147, '收藏夹添加', '1', '/module/fav/favorites_add.do', 13144, '2', 1, '2015-11-10 20:29:51', 0, '0000-0-0 00:00:00', NULL);
INSERT INTO `ts_func` VALUES (13148, '收藏夹保存', '1', '/module/fav/favorites_save.do', 13147, '3', 1, '2015-11-10 20:29:51', 0, '0000-0-0 00:00:00', NULL);
INSERT INTO `ts_func` VALUES (13149, '收藏夹编辑', '1', '/module/fav/favorites_edit.do', 13144, '2', 1, '2015-11-10 20:29:51', 0, '0000-0-0 00:00:00', NULL);
INSERT INTO `ts_func` VALUES (13150, '收藏夹修改', '1', '/module/fav/favorites_update.do', 13149, '3', 1, '2015-11-10 20:29:51', 0, '0000-0-0 00:00:00', NULL);
INSERT INTO `ts_func` VALUES (13151, '收藏夹删除', '1', '/module/fav/favorites_delete.do', 13144, '1', 1, '2015-11-10 20:29:51', 0, '0000-0-0 00:00:00', NULL);
INSERT INTO `ts_func` VALUES (13152, '首页管理', '1', '/module/fav/home_init.do', 1, '3', 1, '2015-11-15 00:00:19', 0, '0000-0-0 00:00:00', NULL);
INSERT INTO `ts_func` VALUES (13153, '首页查询', '1', '/module/fav/home_query.do', 13152, '3', 1, '2015-11-15 00:00:19', 0, '0000-0-0 00:00:00', NULL);
INSERT INTO `ts_func` VALUES (13154, '首页查看', '1', '/module/fav/home_view.do', 13152, '1', 1, '2015-11-15 00:00:19', 0, '0000-0-0 00:00:00', NULL);
INSERT INTO `ts_func` VALUES (13155, '首页添加', '1', '/module/fav/home_add.do', 13152, '2', 1, '2015-11-15 00:00:19', 0, '0000-0-0 00:00:00', NULL);
INSERT INTO `ts_func` VALUES (13156, '首页保存', '1', '/module/fav/home_save.do', 13155, '3', 1, '2015-11-15 00:00:19', 0, '0000-0-0 00:00:00', NULL);
INSERT INTO `ts_func` VALUES (13157, '首页编辑', '1', '/module/fav/home_edit.do', 13152, '2', 1, '2015-11-15 00:00:19', 0, '0000-0-0 00:00:00', NULL);
INSERT INTO `ts_func` VALUES (13158, '首页修改', '1', '/module/fav/home_update.do', 13157, '3', 1, '2015-11-15 00:00:19', 0, '0000-0-0 00:00:00', NULL);
INSERT INTO `ts_func` VALUES (13159, '首页删除', '1', '/module/fav/home_delete.do', 13152, '1', 1, '2015-11-15 00:00:19', 0, '0000-0-0 00:00:00', NULL);
INSERT INTO `ts_func` VALUES (13160, '消息管理', '1', '/module/fav/messages_init.do', 1, '3', 1, '2015-11-10 21:56:21', 0, '0000-0-0 00:00:00', NULL);
INSERT INTO `ts_func` VALUES (13161, '消息查询', '1', '/module/fav/messages_query.do', 13160, '3', 1, '2015-11-10 21:56:21', 0, '0000-0-0 00:00:00', NULL);
INSERT INTO `ts_func` VALUES (13162, '消息查看', '1', '/module/fav/messages_view.do', 13160, '1', 1, '2015-11-10 21:56:21', 0, '0000-0-0 00:00:00', NULL);
INSERT INTO `ts_func` VALUES (13163, '消息添加', '1', '/module/fav/messages_add.do', 13160, '2', 1, '2015-11-10 21:56:21', 0, '0000-0-0 00:00:00', NULL);
INSERT INTO `ts_func` VALUES (13164, '消息保存', '1', '/module/fav/messages_save.do', 13163, '3', 1, '2015-11-10 21:56:21', 0, '0000-0-0 00:00:00', NULL);
INSERT INTO `ts_func` VALUES (13165, '消息编辑', '1', '/module/fav/messages_edit.do', 13160, '2', 1, '2015-11-10 21:56:21', 0, '0000-0-0 00:00:00', NULL);
INSERT INTO `ts_func` VALUES (13166, '消息修改', '1', '/module/fav/messages_update.do', 13165, '3', 1, '2015-11-10 21:56:21', 0, '0000-0-0 00:00:00', NULL);
INSERT INTO `ts_func` VALUES (13167, '消息删除', '1', '/module/fav/messages_delete.do', 13160, '1', 1, '2015-11-10 21:56:21', 0, '0000-0-0 00:00:00', NULL);
INSERT INTO `ts_func` VALUES (13168, '短信管理', '1', '/module/fav/sms_init.do', 1, '3', 1, '2015-11-10 21:56:22', 0, '0000-0-0 00:00:00', NULL);
INSERT INTO `ts_func` VALUES (13169, '短信查询', '1', '/module/fav/sms_query.do', 13168, '3', 1, '2015-11-10 21:56:22', 0, '0000-0-0 00:00:00', NULL);
INSERT INTO `ts_func` VALUES (13170, '短信查看', '1', '/module/fav/sms_view.do', 13168, '1', 1, '2015-11-10 21:56:22', 0, '0000-0-0 00:00:00', NULL);
INSERT INTO `ts_func` VALUES (13171, '短信添加', '1', '/module/fav/sms_add.do', 13168, '2', 1, '2015-11-10 21:56:22', 0, '0000-0-0 00:00:00', NULL);
INSERT INTO `ts_func` VALUES (13172, '短信保存', '1', '/module/fav/sms_save.do', 13171, '3', 1, '2015-11-10 21:56:22', 0, '0000-0-0 00:00:00', NULL);
INSERT INTO `ts_func` VALUES (13173, '短信编辑', '1', '/module/fav/sms_edit.do', 13168, '2', 1, '2015-11-10 21:56:22', 0, '0000-0-0 00:00:00', NULL);
INSERT INTO `ts_func` VALUES (13174, '短信修改', '1', '/module/fav/sms_update.do', 13173, '3', 1, '2015-11-10 21:56:22', 0, '0000-0-0 00:00:00', NULL);
INSERT INTO `ts_func` VALUES (13175, '短信删除', '1', '/module/fav/sms_delete.do', 13168, '1', 1, '2015-11-10 21:56:22', 0, '0000-0-0 00:00:00', NULL);
INSERT INTO `ts_func` VALUES (13176, '今日鉴赏管理', '1', '/module/fav/todayAppreciation_init.do', 1, '3', 1, '2015-11-10 21:56:22', 0, '0000-0-0 00:00:00', NULL);
INSERT INTO `ts_func` VALUES (13177, '今日鉴赏查询', '1', '/module/fav/todayAppreciation_query.do', 13176, '3', 1, '2015-11-10 21:56:22', 0, '0000-0-0 00:00:00', NULL);
INSERT INTO `ts_func` VALUES (13178, '今日鉴赏查看', '1', '/module/fav/todayAppreciation_view.do', 13176, '1', 1, '2015-11-10 21:56:22', 0, '0000-0-0 00:00:00', NULL);
INSERT INTO `ts_func` VALUES (13179, '今日鉴赏添加', '1', '/module/fav/todayAppreciation_add.do', 13176, '2', 1, '2015-11-10 21:56:22', 0, '0000-0-0 00:00:00', NULL);
INSERT INTO `ts_func` VALUES (13180, '今日鉴赏保存', '1', '/module/fav/todayAppreciation_save.do', 13179, '3', 1, '2015-11-10 21:56:22', 0, '0000-0-0 00:00:00', NULL);
INSERT INTO `ts_func` VALUES (13181, '今日鉴赏编辑', '1', '/module/fav/todayAppreciation_edit.do', 13176, '2', 1, '2015-11-10 21:56:22', 0, '0000-0-0 00:00:00', NULL);
INSERT INTO `ts_func` VALUES (13182, '今日鉴赏修改', '1', '/module/fav/todayAppreciation_update.do', 13181, '3', 1, '2015-11-10 21:56:22', 0, '0000-0-0 00:00:00', NULL);
INSERT INTO `ts_func` VALUES (13183, '今日鉴赏删除', '1', '/module/fav/todayAppreciation_delete.do', 13176, '1', 1, '2015-11-10 21:56:22', 0, '0000-0-0 00:00:00', NULL);
INSERT INTO `ts_func` VALUES (13184, '用户管理', '1', '/module/fav/favUser_init.do', 1, '3', 1, '2015-11-10 21:56:22', 0, '0000-0-0 00:00:00', NULL);
INSERT INTO `ts_func` VALUES (13185, '用户查询', '1', '/module/fav/favUser_query.do', 13184, '3', 1, '2015-11-10 21:56:22', 0, '0000-0-0 00:00:00', NULL);
INSERT INTO `ts_func` VALUES (13186, '用户查看', '1', '/module/fav/favUser_view.do', 13184, '1', 1, '2015-11-10 21:56:22', 0, '0000-0-0 00:00:00', NULL);
INSERT INTO `ts_func` VALUES (13187, '用户添加', '1', '/module/fav/favUser_add.do', 13184, '2', 1, '2015-11-10 21:56:22', 0, '0000-0-0 00:00:00', NULL);
INSERT INTO `ts_func` VALUES (13188, '用户保存', '1', '/module/fav/favUser_save.do', 13187, '3', 1, '2015-11-10 21:56:22', 0, '0000-0-0 00:00:00', NULL);
INSERT INTO `ts_func` VALUES (13189, '用户编辑', '1', '/module/fav/favUser_edit.do', 13184, '2', 1, '2015-11-10 21:56:22', 0, '0000-0-0 00:00:00', NULL);
INSERT INTO `ts_func` VALUES (13190, '用户修改', '1', '/module/fav/favUser_update.do', 13189, '3', 1, '2015-11-10 21:56:22', 0, '0000-0-0 00:00:00', NULL);
INSERT INTO `ts_func` VALUES (13191, '用户删除', '1', '/module/fav/favUser_delete.do', 13184, '1', 1, '2015-11-10 21:56:22', 0, '0000-0-0 00:00:00', NULL);
INSERT INTO `ts_func` VALUES (13192, '粉丝管理', '1', '/module/fav/userFans_init.do', 1, '3', 1, '2015-11-10 21:56:22', 0, '0000-0-0 00:00:00', NULL);
INSERT INTO `ts_func` VALUES (13193, '粉丝查询', '1', '/module/fav/userFans_query.do', 13192, '3', 1, '2015-11-10 21:56:22', 0, '0000-0-0 00:00:00', NULL);
INSERT INTO `ts_func` VALUES (13194, '粉丝查看', '1', '/module/fav/userFans_view.do', 13192, '1', 1, '2015-11-10 21:56:22', 0, '0000-0-0 00:00:00', NULL);
INSERT INTO `ts_func` VALUES (13195, '粉丝添加', '1', '/module/fav/userFans_add.do', 13192, '2', 1, '2015-11-10 21:56:22', 0, '0000-0-0 00:00:00', NULL);
INSERT INTO `ts_func` VALUES (13196, '粉丝保存', '1', '/module/fav/userFans_save.do', 13195, '3', 1, '2015-11-10 21:56:22', 0, '0000-0-0 00:00:00', NULL);
INSERT INTO `ts_func` VALUES (13197, '粉丝编辑', '1', '/module/fav/userFans_edit.do', 13192, '2', 1, '2015-11-10 21:56:22', 0, '0000-0-0 00:00:00', NULL);
INSERT INTO `ts_func` VALUES (13198, '粉丝修改', '1', '/module/fav/userFans_update.do', 13197, '3', 1, '2015-11-10 21:56:22', 0, '0000-0-0 00:00:00', NULL);
INSERT INTO `ts_func` VALUES (13199, '粉丝删除', '1', '/module/fav/userFans_delete.do', 13192, '1', 1, '2015-11-10 21:56:22', 0, '0000-0-0 00:00:00', NULL);
INSERT INTO `ts_func` VALUES (13208, '天天论战投票管理', '1', '/module/fav/dailyPolemicVote_init.do', 1, '3', 1, '2015-11-10 21:56:23', 0, '0000-0-0 00:00:00', NULL);
INSERT INTO `ts_func` VALUES (13209, '天天论战投票查询', '1', '/module/fav/dailyPolemicVote_query.do', 13208, '3', 1, '2015-11-10 21:56:23', 0, '0000-0-0 00:00:00', NULL);
INSERT INTO `ts_func` VALUES (13210, '天天论战投票查看', '1', '/module/fav/dailyPolemicVote_view.do', 13208, '1', 1, '2015-11-10 21:56:23', 0, '0000-0-0 00:00:00', NULL);
INSERT INTO `ts_func` VALUES (13211, '天天论战投票添加', '1', '/module/fav/dailyPolemicVote_add.do', 13208, '2', 1, '2015-11-10 21:56:23', 0, '0000-0-0 00:00:00', NULL);
INSERT INTO `ts_func` VALUES (13212, '天天论战投票保存', '1', '/module/fav/dailyPolemicVote_save.do', 13211, '3', 1, '2015-11-10 21:56:23', 0, '0000-0-0 00:00:00', NULL);
INSERT INTO `ts_func` VALUES (13213, '天天论战投票编辑', '1', '/module/fav/dailyPolemicVote_edit.do', 13208, '2', 1, '2015-11-10 21:56:23', 0, '0000-0-0 00:00:00', NULL);
INSERT INTO `ts_func` VALUES (13214, '天天论战投票修改', '1', '/module/fav/dailyPolemicVote_update.do', 13213, '3', 1, '2015-11-10 21:56:23', 0, '0000-0-0 00:00:00', NULL);
INSERT INTO `ts_func` VALUES (13215, '天天论战投票删除', '1', '/module/fav/dailyPolemicVote_delete.do', 13208, '1', 1, '2015-11-10 21:56:23', 0, '0000-0-0 00:00:00', NULL);
INSERT INTO `ts_func` VALUES (13216, '评论顶管理', '1', '/module/fav/dynamicCommentTop_init.do', 1, '3', 1, '2015-11-10 21:56:23', 0, '0000-0-0 00:00:00', NULL);
INSERT INTO `ts_func` VALUES (13217, '评论顶查询', '1', '/module/fav/dynamicCommentTop_query.do', 13216, '3', 1, '2015-11-10 21:56:23', 0, '0000-0-0 00:00:00', NULL);
INSERT INTO `ts_func` VALUES (13218, '评论顶查看', '1', '/module/fav/dynamicCommentTop_view.do', 13216, '1', 1, '2015-11-10 21:56:23', 0, '0000-0-0 00:00:00', NULL);
INSERT INTO `ts_func` VALUES (13219, '评论顶添加', '1', '/module/fav/dynamicCommentTop_add.do', 13216, '2', 1, '2015-11-10 21:56:23', 0, '0000-0-0 00:00:00', NULL);
INSERT INTO `ts_func` VALUES (13220, '评论顶保存', '1', '/module/fav/dynamicCommentTop_save.do', 13219, '3', 1, '2015-11-10 21:56:23', 0, '0000-0-0 00:00:00', NULL);
INSERT INTO `ts_func` VALUES (13221, '评论顶编辑', '1', '/module/fav/dynamicCommentTop_edit.do', 13216, '2', 1, '2015-11-10 21:56:23', 0, '0000-0-0 00:00:00', NULL);
INSERT INTO `ts_func` VALUES (13222, '评论顶修改', '1', '/module/fav/dynamicCommentTop_update.do', 13221, '3', 1, '2015-11-10 21:56:23', 0, '0000-0-0 00:00:00', NULL);
INSERT INTO `ts_func` VALUES (13223, '评论顶删除', '1', '/module/fav/dynamicCommentTop_delete.do', 13216, '1', 1, '2015-11-10 21:56:23', 0, '0000-0-0 00:00:00', NULL);
INSERT INTO `ts_func` VALUES (13224, '热度管理', '1', '/module/fav/heat_init.do', 1, '3', 1, '2015-11-10 21:56:23', 0, '0000-0-0 00:00:00', NULL);
INSERT INTO `ts_func` VALUES (13225, '热度查询', '1', '/module/fav/heat_query.do', 13224, '3', 1, '2015-11-10 21:56:23', 0, '0000-0-0 00:00:00', NULL);
INSERT INTO `ts_func` VALUES (13226, '热度查看', '1', '/module/fav/heat_view.do', 13224, '1', 1, '2015-11-10 21:56:23', 0, '0000-0-0 00:00:00', NULL);
INSERT INTO `ts_func` VALUES (13227, '热度添加', '1', '/module/fav/heat_add.do', 13224, '2', 1, '2015-11-10 21:56:23', 0, '0000-0-0 00:00:00', NULL);
INSERT INTO `ts_func` VALUES (13228, '热度保存', '1', '/module/fav/heat_save.do', 13227, '3', 1, '2015-11-10 21:56:23', 0, '0000-0-0 00:00:00', NULL);
INSERT INTO `ts_func` VALUES (13229, '热度编辑', '1', '/module/fav/heat_edit.do', 13224, '2', 1, '2015-11-10 21:56:23', 0, '0000-0-0 00:00:00', NULL);
INSERT INTO `ts_func` VALUES (13230, '热度修改', '1', '/module/fav/heat_update.do', 13229, '3', 1, '2015-11-10 21:56:23', 0, '0000-0-0 00:00:00', NULL);
INSERT INTO `ts_func` VALUES (13231, '热度删除', '1', '/module/fav/heat_delete.do', 13224, '1', 1, '2015-11-10 21:56:23', 0, '0000-0-0 00:00:00', NULL);
INSERT INTO `ts_func` VALUES (13232, '用户积分记录管理', '1', '/module/fav/userPointsRecord_init.do', 1, '3', 1, '2015-11-10 21:56:24', 0, '0000-0-0 00:00:00', NULL);
INSERT INTO `ts_func` VALUES (13233, '用户积分记录查询', '1', '/module/fav/userPointsRecord_query.do', 13232, '3', 1, '2015-11-10 21:56:24', 0, '0000-0-0 00:00:00', NULL);
INSERT INTO `ts_func` VALUES (13234, '用户积分记录查看', '1', '/module/fav/userPointsRecord_view.do', 13232, '1', 1, '2015-11-10 21:56:24', 0, '0000-0-0 00:00:00', NULL);
INSERT INTO `ts_func` VALUES (13235, '用户积分记录添加', '1', '/module/fav/userPointsRecord_add.do', 13232, '2', 1, '2015-11-10 21:56:24', 0, '0000-0-0 00:00:00', NULL);
INSERT INTO `ts_func` VALUES (13236, '用户积分记录保存', '1', '/module/fav/userPointsRecord_save.do', 13235, '3', 1, '2015-11-10 21:56:24', 0, '0000-0-0 00:00:00', NULL);
INSERT INTO `ts_func` VALUES (13237, '用户积分记录编辑', '1', '/module/fav/userPointsRecord_edit.do', 13232, '2', 1, '2015-11-10 21:56:24', 0, '0000-0-0 00:00:00', NULL);
INSERT INTO `ts_func` VALUES (13238, '用户积分记录修改', '1', '/module/fav/userPointsRecord_update.do', 13237, '3', 1, '2015-11-10 21:56:24', 0, '0000-0-0 00:00:00', NULL);
INSERT INTO `ts_func` VALUES (13239, '用户积分记录删除', '1', '/module/fav/userPointsRecord_delete.do', 13232, '1', 1, '2015-11-10 21:56:24', 0, '0000-0-0 00:00:00', NULL);
INSERT INTO `ts_func` VALUES (13240, '评论赞同反对管理', '1', '/module/fav/dynamicCommentsLike_init.do', 1, '3', 1, '2015-11-11 22:10:45', 0, '0000-0-0 00:00:00', NULL);
INSERT INTO `ts_func` VALUES (13241, '评论赞同反对查询', '1', '/module/fav/dynamicCommentsLike_query.do', 13240, '3', 1, '2015-11-11 22:10:45', 0, '0000-0-0 00:00:00', NULL);
INSERT INTO `ts_func` VALUES (13242, '评论赞同反对查看', '1', '/module/fav/dynamicCommentsLike_view.do', 13240, '1', 1, '2015-11-11 22:10:45', 0, '0000-0-0 00:00:00', NULL);
INSERT INTO `ts_func` VALUES (13243, '评论赞同反对添加', '1', '/module/fav/dynamicCommentsLike_add.do', 13240, '2', 1, '2015-11-11 22:10:45', 0, '0000-0-0 00:00:00', NULL);
INSERT INTO `ts_func` VALUES (13244, '评论赞同反对保存', '1', '/module/fav/dynamicCommentsLike_save.do', 13243, '3', 1, '2015-11-11 22:10:45', 0, '0000-0-0 00:00:00', NULL);
INSERT INTO `ts_func` VALUES (13245, '评论赞同反对编辑', '1', '/module/fav/dynamicCommentsLike_edit.do', 13240, '2', 1, '2015-11-11 22:10:45', 0, '0000-0-0 00:00:00', NULL);
INSERT INTO `ts_func` VALUES (13246, '评论赞同反对修改', '1', '/module/fav/dynamicCommentsLike_update.do', 13245, '3', 1, '2015-11-11 22:10:45', 0, '0000-0-0 00:00:00', NULL);
INSERT INTO `ts_func` VALUES (13247, '评论赞同反对删除', '1', '/module/fav/dynamicCommentsLike_delete.do', 13240, '1', 1, '2015-11-11 22:10:45', 0, '0000-0-0 00:00:00', NULL);
INSERT INTO `ts_func` VALUES (13248, '藏品图片集管理', '1', '/module/fav/collectionImages_init.do', 1, '3', 1, '2015-11-14 19:21:15', 0, '0000-0-0 00:00:00', NULL);
INSERT INTO `ts_func` VALUES (13249, '藏品图片集查询', '1', '/module/fav/collectionImages_query.do', 13248, '3', 1, '2015-11-14 19:21:15', 0, '0000-0-0 00:00:00', NULL);
INSERT INTO `ts_func` VALUES (13250, '藏品图片集查看', '1', '/module/fav/collectionImages_view.do', 13248, '1', 1, '2015-11-14 19:21:15', 0, '0000-0-0 00:00:00', NULL);
INSERT INTO `ts_func` VALUES (13251, '藏品图片集添加', '1', '/module/fav/collectionImages_add.do', 13248, '2', 1, '2015-11-14 19:21:15', 0, '0000-0-0 00:00:00', NULL);
INSERT INTO `ts_func` VALUES (13252, '藏品图片集保存', '1', '/module/fav/collectionImages_save.do', 13251, '3', 1, '2015-11-14 19:21:15', 0, '0000-0-0 00:00:00', NULL);
INSERT INTO `ts_func` VALUES (13253, '藏品图片集编辑', '1', '/module/fav/collectionImages_edit.do', 13248, '2', 1, '2015-11-14 19:21:15', 0, '0000-0-0 00:00:00', NULL);
INSERT INTO `ts_func` VALUES (13254, '藏品图片集修改', '1', '/module/fav/collectionImages_update.do', 13253, '3', 1, '2015-11-14 19:21:15', 0, '0000-0-0 00:00:00', NULL);
INSERT INTO `ts_func` VALUES (13255, '藏品图片集删除', '1', '/module/fav/collectionImages_delete.do', 13248, '1', 1, '2015-11-14 19:21:15', 0, '0000-0-0 00:00:00', NULL);
INSERT INTO `ts_func` VALUES (13256, '黑名单管理', '1', '/module/fav/userBlack_init.do', 1, '3', 1, '2015-11-21 22:49:25', 0, '0000-0-0 00:00:00', NULL);
INSERT INTO `ts_func` VALUES (13257, '黑名单查询', '1', '/module/fav/userBlack_query.do', 13256, '3', 1, '2015-11-21 22:49:25', 0, '0000-0-0 00:00:00', NULL);
INSERT INTO `ts_func` VALUES (13258, '黑名单查看', '1', '/module/fav/userBlack_view.do', 13256, '1', 1, '2015-11-21 22:49:25', 0, '0000-0-0 00:00:00', NULL);
INSERT INTO `ts_func` VALUES (13259, '黑名单添加', '1', '/module/fav/userBlack_add.do', 13256, '2', 1, '2015-11-21 22:49:25', 0, '0000-0-0 00:00:00', NULL);
INSERT INTO `ts_func` VALUES (13260, '黑名单保存', '1', '/module/fav/userBlack_save.do', 13259, '3', 1, '2015-11-21 22:49:25', 0, '0000-0-0 00:00:00', NULL);
INSERT INTO `ts_func` VALUES (13261, '黑名单编辑', '1', '/module/fav/userBlack_edit.do', 13256, '2', 1, '2015-11-21 22:49:25', 0, '0000-0-0 00:00:00', NULL);
INSERT INTO `ts_func` VALUES (13262, '黑名单修改', '1', '/module/fav/userBlack_update.do', 13261, '3', 1, '2015-11-21 22:49:25', 0, '0000-0-0 00:00:00', NULL);
INSERT INTO `ts_func` VALUES (13263, '黑名单删除', '1', '/module/fav/userBlack_delete.do', 13256, '1', 1, '2015-11-21 22:49:25', 0, '0000-0-0 00:00:00', NULL);
INSERT INTO `ts_func` VALUES (13264, '用户设置管理', '1', '/module/fav/favUserSet_init.do', 1, '3', 1, '2015-11-22 21:35:12', 0, '0000-0-0 00:00:00', NULL);
INSERT INTO `ts_func` VALUES (13265, '用户设置查询', '1', '/module/fav/favUserSet_query.do', 13264, '3', 1, '2015-11-22 21:35:12', 0, '0000-0-0 00:00:00', NULL);
INSERT INTO `ts_func` VALUES (13266, '用户设置查看', '1', '/module/fav/favUserSet_view.do', 13264, '1', 1, '2015-11-22 21:35:12', 0, '0000-0-0 00:00:00', NULL);
INSERT INTO `ts_func` VALUES (13267, '用户设置添加', '1', '/module/fav/favUserSet_add.do', 13264, '2', 1, '2015-11-22 21:35:12', 0, '0000-0-0 00:00:00', NULL);
INSERT INTO `ts_func` VALUES (13268, '用户设置保存', '1', '/module/fav/favUserSet_save.do', 13267, '3', 1, '2015-11-22 21:35:12', 0, '0000-0-0 00:00:00', NULL);
INSERT INTO `ts_func` VALUES (13269, '用户设置编辑', '1', '/module/fav/favUserSet_edit.do', 13264, '2', 1, '2015-11-22 21:35:12', 0, '0000-0-0 00:00:00', NULL);
INSERT INTO `ts_func` VALUES (13270, '用户设置修改', '1', '/module/fav/favUserSet_update.do', 13269, '3', 1, '2015-11-22 21:35:12', 0, '0000-0-0 00:00:00', NULL);
INSERT INTO `ts_func` VALUES (13271, '用户设置删除', '1', '/module/fav/favUserSet_delete.do', 13264, '1', 1, '2015-11-22 21:35:12', 0, '0000-0-0 00:00:00', NULL);


INSERT INTO `ts_navigation` VALUES (13000, 13000, '任务积分设置管理', 140, NULL, '业务管理',1, '2015-11-06 15:58:13', 0, '0000-0-0 00:00:00', NULL);
INSERT INTO `ts_navigation` VALUES (13008, 13008, '申请记录管理', 130, NULL, '业务管理',1, '2015-11-08 18:54:42', 0, '0000-0-0 00:00:00', NULL);
INSERT INTO `ts_navigation` VALUES (13016, 13016, '拍卖行管理', 80, NULL, '业务管理',1, '2015-11-08 18:54:43', 0, '0000-0-0 00:00:00', NULL);
INSERT INTO `ts_navigation` VALUES (13120, 13120, '动态图片地址管理', 36, NULL, '业务管理',1, '2015-11-15 00:00:19', 0, '0000-0-0 00:00:00', NULL);
INSERT INTO `ts_navigation` VALUES (13024, 13024, '拍卖行藏品竞价管理', 99, NULL, '业务管理',1, '2015-11-08 18:54:43', 0, '0000-0-0 00:00:00', NULL);
INSERT INTO `ts_navigation` VALUES (13032, 13032, '拍卖动态成交管理', 96, NULL, '业务管理',1, '2015-11-08 18:54:43', 0, '0000-0-0 00:00:00', NULL);
INSERT INTO `ts_navigation` VALUES (13040, 13040, '拍卖行动态拍品征集管理', 94, NULL, '业务管理',1, '2015-11-08 18:54:44', 0, '0000-0-0 00:00:00', NULL);
INSERT INTO `ts_navigation` VALUES (13048, 13048, '拍卖行藏品动态直播管理', 98, NULL, '业务管理',1, '2015-11-08 18:54:44', 0, '0000-0-0 00:00:00', NULL);
INSERT INTO `ts_navigation` VALUES (13056, 13056, '拍卖动态预展管理', 92, NULL, '业务管理',1, '2015-11-08 18:54:44', 0, '0000-0-0 00:00:00', NULL);
INSERT INTO `ts_navigation` VALUES (13064, 13064, '拍卖行动态管理', 90, NULL, '业务管理',1, '2015-11-08 18:54:45', 0, '0000-0-0 00:00:00', NULL);
INSERT INTO `ts_navigation` VALUES (13072, 13072, '藏品管理', 33, NULL, '业务管理',1, '2015-11-08 18:54:45', 0, '0000-0-0 00:00:00', NULL);
INSERT INTO `ts_navigation` VALUES (13080, 13080, '评论管理', 42, NULL, '业务管理',1, '2015-11-08 18:57:34', 0, '0000-0-0 00:00:00', NULL);
INSERT INTO `ts_navigation` VALUES (13088, 13088, '古玩店管理', 70, NULL, '业务管理',1, '2015-11-10 20:29:49', 0, '0000-0-0 00:00:00', NULL);
INSERT INTO `ts_navigation` VALUES (13096, 13096, '天天论战管理', 30, NULL, '业务管理',1, '2015-11-10 20:29:49', 0, '0000-0-0 00:00:00', NULL);
INSERT INTO `ts_navigation` VALUES (13104, 13104, '动态管理', 35, NULL, '业务管理',1, '2015-11-10 20:29:49', 0, '0000-0-0 00:00:00', NULL);
INSERT INTO `ts_navigation` VALUES (13112, 13112, '动态评论管理', 52, NULL, '业务管理',0, '2015-11-10 20:29:50', 0, '0000-0-0 00:00:00', NULL);
INSERT INTO `ts_navigation` VALUES (13128, 13128, '点赞管理', 38, NULL, '业务管理',1, '2015-11-10 20:29:50', 0, '0000-0-0 00:00:00', NULL);
INSERT INTO `ts_navigation` VALUES (13136, 13136, '名人堂管理', 72, NULL, '业务管理',1, '2015-11-10 20:29:50', 0, '0000-0-0 00:00:00', NULL);
INSERT INTO `ts_navigation` VALUES (13144, 13144, '收藏夹管理', 150, NULL, '业务管理',1, '2015-11-10 20:29:51', 0, '0000-0-0 00:00:00', NULL);
INSERT INTO `ts_navigation` VALUES (13152, 13152, '首页管理', 10, NULL, '业务管理',1, '2015-11-15 00:00:19', 0, '0000-0-0 00:00:00', NULL);
INSERT INTO `ts_navigation` VALUES (13160, 13160, '消息管理', 24, NULL, '业务管理',1, '2015-11-10 21:56:21', 0, '0000-0-0 00:00:00', NULL);
INSERT INTO `ts_navigation` VALUES (13168, 13168, '短信管理', 26, NULL, '业务管理',1, '2015-11-10 21:56:22', 0, '0000-0-0 00:00:00', NULL);
INSERT INTO `ts_navigation` VALUES (13176, 13176, '今日鉴赏管理', 20, NULL, '业务管理',1, '2015-11-10 21:56:22', 0, '0000-0-0 00:00:00', NULL);
INSERT INTO `ts_navigation` VALUES (13184, 13184, '用户管理', 100, NULL, '业务管理',1, '2015-11-10 21:56:22', 0, '0000-0-0 00:00:00', NULL);
INSERT INTO `ts_navigation` VALUES (13192, 13192, '粉丝管理', 110, NULL, '业务管理',1, '2015-11-10 21:56:22', 0, '0000-0-0 00:00:00', NULL);
INSERT INTO `ts_navigation` VALUES (13208, 13208, '天天论战投票管理', 32, NULL, '业务管理',1, '2015-11-10 21:56:23', 0, '0000-0-0 00:00:00', NULL);
INSERT INTO `ts_navigation` VALUES (13216, 13216, '评论顶管理', 56, NULL, '业务管理',1, '2015-11-10 21:56:23', 0, '0000-0-0 00:00:00', NULL);
INSERT INTO `ts_navigation` VALUES (13224, 13224, '热度管理', 180, NULL, '业务管理',1, '2015-11-10 21:56:23', 0, '0000-0-0 00:00:00', NULL);
INSERT INTO `ts_navigation` VALUES (13232, 13232, '用户积分记录管理', 120, NULL, '业务管理',1, '2015-11-10 21:56:24', 0, '0000-0-0 00:00:00', NULL);
INSERT INTO `ts_navigation` VALUES (13240, 13240, '评论赞同反对管理', 44, NULL, '业务管理',1, '2015-11-11 22:10:45', 0, '0000-0-0 00:00:00', NULL);
INSERT INTO `ts_navigation` VALUES (13248, 13248, '藏品图片集管理', 34, NULL, '业务管理',1, '2015-11-14 19:21:15', 0, '0000-0-0 00:00:00', NULL);
INSERT INTO `ts_navigation` VALUES (13256, 13256, '黑名单管理', 114, NULL, '业务管理',1, '2015-11-21 22:49:25', 0, '0000-0-0 00:00:00', NULL);
INSERT INTO `ts_navigation` VALUES (13264, 13264, '用户设置管理', 112, NULL, '业务管理',1, '2015-11-22 21:35:12', 0, '0000-0-0 00:00:00', NULL);


INSERT INTO `tb_role_func` VALUES (1021, 13000, 1, 1, '2015-11-06 15:58:13', 1, '0000-0-0 00:00:00', NULL);
INSERT INTO `tb_role_func` VALUES (1022, 13008, 1, 1, '2015-11-08 18:54:42', 1, '0000-0-0 00:00:00', NULL);
INSERT INTO `tb_role_func` VALUES (1023, 13016, 1, 1, '2015-11-08 18:54:43', 1, '0000-0-0 00:00:00', NULL);
INSERT INTO `tb_role_func` VALUES (1024, 13024, 1, 1, '2015-11-08 18:54:43', 1, '0000-0-0 00:00:00', NULL);
INSERT INTO `tb_role_func` VALUES (1025, 13032, 1, 1, '2015-11-08 18:54:43', 1, '0000-0-0 00:00:00', NULL);
INSERT INTO `tb_role_func` VALUES (1026, 13040, 1, 1, '2015-11-08 18:54:44', 1, '0000-0-0 00:00:00', NULL);
INSERT INTO `tb_role_func` VALUES (1027, 13048, 1, 1, '2015-11-08 18:54:44', 1, '0000-0-0 00:00:00', NULL);
INSERT INTO `tb_role_func` VALUES (1028, 13056, 1, 1, '2015-11-08 18:54:44', 1, '0000-0-0 00:00:00', NULL);
INSERT INTO `tb_role_func` VALUES (1029, 13064, 1, 1, '2015-11-08 18:54:45', 1, '0000-0-0 00:00:00', NULL);
INSERT INTO `tb_role_func` VALUES (1030, 13072, 1, 1, '2015-11-08 18:54:45', 1, '0000-0-0 00:00:00', NULL);
INSERT INTO `tb_role_func` VALUES (1031, 13080, 1, 1, '2015-11-08 18:57:34', 1, '0000-0-0 00:00:00', NULL);
INSERT INTO `tb_role_func` VALUES (1032, 13088, 1, 1, '2015-11-10 20:29:49', 1, '0000-0-0 00:00:00', NULL);
INSERT INTO `tb_role_func` VALUES (1033, 13096, 1, 1, '2015-11-10 20:29:49', 1, '0000-0-0 00:00:00', NULL);
INSERT INTO `tb_role_func` VALUES (1034, 13104, 1, 1, '2015-11-10 20:29:49', 1, '0000-0-0 00:00:00', NULL);
INSERT INTO `tb_role_func` VALUES (1035, 13112, 1, 0, '2015-11-10 20:29:50', 1, '0000-0-0 00:00:00', NULL);
INSERT INTO `tb_role_func` VALUES (1036, 13120, 1, 1, '2015-11-15 00:00:19', 1, '0000-0-0 00:00:00', NULL);
INSERT INTO `tb_role_func` VALUES (1037, 13128, 1, 1, '2015-11-10 20:29:50', 1, '0000-0-0 00:00:00', NULL);
INSERT INTO `tb_role_func` VALUES (1038, 13136, 1, 1, '2015-11-10 20:29:50', 1, '0000-0-0 00:00:00', NULL);
INSERT INTO `tb_role_func` VALUES (1039, 13144, 1, 1, '2015-11-10 20:29:51', 1, '0000-0-0 00:00:00', NULL);
INSERT INTO `tb_role_func` VALUES (1041, 13160, 1, 1, '2015-11-10 21:56:21', 1, '0000-0-0 00:00:00', NULL);
INSERT INTO `tb_role_func` VALUES (1042, 13168, 1, 1, '2015-11-10 21:56:22', 1, '0000-0-0 00:00:00', NULL);
INSERT INTO `tb_role_func` VALUES (1043, 13176, 1, 1, '2015-11-10 21:56:22', 1, '0000-0-0 00:00:00', NULL);
INSERT INTO `tb_role_func` VALUES (1044, 13184, 1, 1, '2015-11-10 21:56:22', 1, '0000-0-0 00:00:00', NULL);
INSERT INTO `tb_role_func` VALUES (1045, 13192, 1, 1, '2015-11-10 21:56:22', 1, '0000-0-0 00:00:00', NULL);
INSERT INTO `tb_role_func` VALUES (1047, 13208, 1, 1, '2015-11-10 21:56:23', 1, '0000-0-0 00:00:00', NULL);
INSERT INTO `tb_role_func` VALUES (1048, 13216, 1, 1, '2015-11-10 21:56:23', 1, '0000-0-0 00:00:00', NULL);
INSERT INTO `tb_role_func` VALUES (1049, 13224, 1, 1, '2015-11-10 21:56:23', 1, '0000-0-0 00:00:00', NULL);
INSERT INTO `tb_role_func` VALUES (1050, 13232, 1, 1, '2015-11-10 21:56:24', 1, '0000-0-0 00:00:00', NULL);
INSERT INTO `tb_role_func` VALUES (1051, 13240, 1, 1, '2015-11-11 22:10:45', 1, '0000-0-0 00:00:00', NULL);
INSERT INTO `tb_role_func` VALUES (1052, 13248, 1, 1, '2015-11-14 19:21:15', 1, '0000-0-0 00:00:00', NULL);
INSERT INTO `tb_role_func` VALUES (1053, 13256, 1, 1, '2015-11-21 22:49:25', 1, '0000-0-0 00:00:00', NULL);
INSERT INTO `tb_role_func` VALUES (1054, 13264, 1, 1, '2015-11-22 21:35:12', 1, '0000-0-0 00:00:00', NULL);




